2018-02-27_17-17-56  Angerhofstraße 17 82110  Germering.png,0
2018-02-27_17-23-50  Zweigstraße 12 85757  Karlsfeld.png,1
2018-02-27_17-28-43  Westring 12 85586  Poing.png,0
2018-02-27_17-37-20  Sigohostraße 8 85635  HöhenkirchenSiegertsbrunn.png,1
2018-02-27_17-24-21  Schwarzanger 16 80939  München.png,0
2018-02-27_17-31-53  RosaSchöpfStraße 17 85604  Zorneding.png,0
2018-02-27_17-30-24  Watzmannstraße 25 85586  Poing.png,0
2018-02-27_17-27-18  Haushamerstraße 4 85737  Ismaning.png,0
2018-02-27_17-34-27  Am Schulgarten 8 85662  Hohenbrunn.png,0
2018-02-27_17-17-53  Angerhofstraße 15 82110  Germering.png,1
2018-02-27_17-26-36  Moarstraße 14 85737  Ismaning.png,0
2018-02-27_17-19-11  Föhrenstraße 11 82110  Germering.png,0
2018-02-27_17-20-57  Ostermoosstraße 9 81245  München.png,0
2018-02-27_17-17-07  Dorfstraße 28 82110  Germering.png,1
2018-02-27_17-28-52  Westring 19 85586  Poing.png,0
2018-02-27_17-19-33  Olchinger Weg 6 81245  München.png,1
2018-02-27_17-37-06  Egmatinger Straße 12 85635  HöhenkirchenSiegertsbrunn.png,1
2018-02-27_17-34-59  Brunnengasse 10 85662  Hohenbrunn.png,2
2018-02-27_17-28-59  Westring 24 85586  Poing.png,0
2018-02-27_17-39-08  Am Datzmann 73 83483  Bischofswiesen.png,1
2018-02-27_17-17-24  Dorfstraße 39 82110  Germering.png,0
2018-02-27_17-25-55  Schmidbartlanger 3 80939  München.png,0
2018-02-27_17-28-31  Mayerbacherstraße 16 85737  Ismaning.png,0
2018-02-27_17-29-18  Hohenzollernstraße 12 85586  Poing.png,0
2018-02-27_17-34-10  Höhenkirchener Straße 15 85662  Hohenbrunn.png,0
2018-02-27_17-24-17  Schwarzanger 13 80939  München.png,1
2018-02-27_17-34-14  Höhenkirchener Straße 18 85662  Hohenbrunn.png,1
2018-02-27_17-19-02  Föhrenstraße 4 82110  Germering.png,2
2018-02-27_17-19-18  Föhrenstraße 15 82110  Germering.png,1
2018-02-27_17-34-13  Höhenkirchener Straße 17 85662  Hohenbrunn.png,1
2018-02-27_17-25-42  Obere Länge 13 80939  München.png,0
2018-02-27_17-32-55  Am Bergacker 2 85604  Zorneding.png,1
2018-02-27_17-34-53  Brunnengasse 5 85662  Hohenbrunn.png,0
2018-02-27_17-25-10  Untere Länge 11 80939  München.png,0
2018-02-27_17-32-19  Am Kapellenberg 26 85604  Zorneding.png,1
2018-02-27_17-21-01  Ostermoosstraße 12 81245  München.png,0
2018-02-27_17-37-24  Sigohostraße 11 85635  HöhenkirchenSiegertsbrunn.png,1
2018-02-27_17-25-57  Schmidbartlanger 4 80939  München.png,0
2018-02-27_17-28-11  Mayerbacherstraße 1 85737  Ismaning.png,0
2018-02-27_17-31-22  Ilchinger Weg 16 85604  Zorneding.png,0
2018-02-27_17-27-35  Haushamerstraße 15 85737  Ismaning.png,1
2018-02-27_17-29-49  Hohenstaufenring 10 85586  Poing.png,0
2018-02-27_17-23-08  GeorgQueriStraße 4 85757  Karlsfeld.png,0
2018-02-27_17-24-01  Schwarzanger 1 80939  München.png,0
2018-02-27_17-31-17  Ilchinger Weg 13 85604  Zorneding.png,0
2018-02-27_17-34-07  Höhenkirchener Straße 13 85662  Hohenbrunn.png,1
2018-02-27_17-22-26  Nelkenstraße 15 85757  Karlsfeld.png,0
2018-02-27_17-34-17  Höhenkirchener Straße 20 85662  Hohenbrunn.png,0
2018-02-27_17-26-14  Schmidbartlanger 17 80939  München.png,2
2018-02-27_17-24-41  Grasrainweg 10 80939  München.png,0
2018-02-27_17-26-10  Schmidbartlanger 14 80939  München.png,0
2018-02-27_17-34-46  Am Schulgarten 20 85662  Hohenbrunn.png,1
2018-02-27_17-23-33  GeorgQueriStraße 20 85757  Karlsfeld.png,1
2018-02-27_17-26-35  Moarstraße 13 85737  Ismaning.png,1
2018-02-27_17-39-06  Am Datzmann 71 83483  Bischofswiesen.png,1
2018-02-27_17-22-24  Nelkenstraße 13 85757  Karlsfeld.png,0
2018-02-27_17-24-27  Grasrainweg 1 80939  München.png,0
2018-02-27_17-25-11  Untere Länge 12 80939  München.png,0
2018-02-27_17-25-13  Untere Länge 13 80939  München.png,1
2018-02-27_17-37-26  Sigohostraße 12 85635  HöhenkirchenSiegertsbrunn.png,0
2018-02-27_17-25-54  Schmidbartlanger 2 80939  München.png,0
2018-02-27_17-20-52  Ostermoosstraße 5 81245  München.png,1
2018-02-27_17-21-57  Winterstraße 12 85757  Karlsfeld.png,0
2018-02-27_17-38-34  FranzMaltanStraße 14 83483  Bischofswiesen.png,0
2018-02-27_17-20-53  Ostermoosstraße 6 81245  München.png,2
2018-02-27_17-35-18  Riemerlinger Straße 12 85662  Hohenbrunn.png,0
2018-02-27_17-28-03  Theodolindenstraße 15 85737  Ismaning.png,0
2018-02-27_17-33-44  Ingelsberger Weg 43 85604  Zorneding.png,0
2018-02-27_17-25-49  Obere Länge 18 80939  München.png,0
2018-02-27_17-29-03  Westring 28 85586  Poing.png,0
2018-02-27_17-32-07  Am Kapellenberg 18 85604  Zorneding.png,0
2018-02-27_17-22-05  Winterstraße 18 85757  Karlsfeld.png,0
2018-02-27_17-35-52  Haringstraße 3 85635  HöhenkirchenSiegertsbrunn.png,0
2018-02-27_17-39-19  Jennerweg 11 83483  Bischofswiesen.png,2
2018-02-27_17-32-51  Am Ziegelland 45 85604  Zorneding.png,1
2018-02-27_17-30-55  Rosenstraße 18 85586  Poing.png,0
2018-02-27_17-23-56  Zweigstraße 17 85757  Karlsfeld.png,0
2018-02-27_17-29-36  Hohenzollernstraße 22 85586  Poing.png,1
2018-02-27_17-29-58  Hohenstaufenring 17 85586  Poing.png,1
2018-02-27_17-36-07  Haringstraße 13 85635  HöhenkirchenSiegertsbrunn.png,0
2018-02-27_17-34-05  Höhenkirchener Straße 11 85662  Hohenbrunn.png,1
2018-02-27_17-25-44  Obere Länge 14 80939  München.png,0
2018-02-27_17-27-15  Haushamerstraße 2 85737  Ismaning.png,0
2018-02-27_17-21-36  Hohenesterstraße 17 81245  München.png,1
2018-02-27_17-27-26  Haushamerstraße 9 85737  Ismaning.png,0
2018-02-27_17-22-12  Nelkenstraße 4 85757  Karlsfeld.png,1
2018-02-27_17-38-03  Hirschwinkelstraße 11 85635  HöhenkirchenSiegertsbrunn.png,0
2018-02-27_17-16-57  Dorfstraße 22 82110  Germering.png,0
2018-02-27_17-30-00  Hohenstaufenring 18 85586  Poing.png,1
2018-02-27_17-36-19  Am Baumgarten 1 85635  HöhenkirchenSiegertsbrunn.png,0
2018-02-27_17-31-05  Ilchinger Weg 5 85604  Zorneding.png,0
2018-02-27_17-27-14  Haushamerstraße 1 85737  Ismaning.png,1
2018-02-27_17-32-24  Am Kapellenberg 29 85604  Zorneding.png,0
2018-02-27_17-34-37  Am Schulgarten 13 85662  Hohenbrunn.png,1
2018-02-27_17-25-32  Obere Länge 6 80939  München.png,1
2018-02-27_17-39-10  Am Datzmann 74 83483  Bischofswiesen.png,1
2018-02-27_17-26-53  Freimanner Straße 6 85737  Ismaning.png,1
2018-02-27_17-36-29  Am Baumgarten 8 85635  HöhenkirchenSiegertsbrunn.png,0
2018-02-27_17-37-50  Hirschwinkelstraße 2 85635  HöhenkirchenSiegertsbrunn.png,1
2018-02-27_17-21-56  Winterstraße 11 85757  Karlsfeld.png,0
2018-02-27_17-25-58  Schmidbartlanger 5 80939  München.png,1
2018-02-27_17-27-23  Haushamerstraße 7 85737  Ismaning.png,0
2018-02-27_17-17-14  Dorfstraße 33 82110  Germering.png,0
2018-02-27_17-25-59  Schmidbartlanger 6 80939  München.png,0
2018-02-27_17-21-31  Hohenesterstraße 13 81245  München.png,1
2018-02-27_17-27-46  Theodolindenstraße 3 85737  Ismaning.png,1
2018-02-27_17-31-20  Ilchinger Weg 15 85604  Zorneding.png,0
2018-02-27_17-30-04  Watzmannstraße 10 85586  Poing.png,1
2018-02-27_17-21-16  Hohenesterstraße 3 81245  München.png,2
2018-02-27_17-19-09  Föhrenstraße 9 82110  Germering.png,0
2018-02-27_17-35-37  Riemerlinger Straße 22 85662  Hohenbrunn.png,0
2018-02-27_17-18-08  Wettersteinstraße 10 82110  Germering.png,1
2018-02-27_17-18-04  Wettersteinstraße 7 82110  Germering.png,0
2018-02-27_17-20-16  Schwemmstraße 18 81245  München.png,0
2018-02-27_17-31-11  Ilchinger Weg 9 85604  Zorneding.png,1
2018-02-27_17-34-22  Am Schulgarten 4 85662  Hohenbrunn.png,0
2018-02-27_17-19-58  Schwemmstraße 4 81245  München.png,0
2018-02-27_17-33-17  Am Bergacker 18 85604  Zorneding.png,0
2018-02-27_17-33-03  Am Bergacker 7 85604  Zorneding.png,0
2018-02-27_17-20-39  Schöngeisinger Straße 15 81245  München.png,0
2018-02-27_17-27-51  Theodolindenstraße 6 85737  Ismaning.png,1
2018-02-27_17-30-56  Rosenstraße 19 85586  Poing.png,1
2018-02-27_17-30-20  Watzmannstraße 22 85586  Poing.png,1
2018-02-27_17-29-05  Westring 29 85586  Poing.png,1
2018-02-27_17-25-31  Obere Länge 5 80939  München.png,0
2018-02-27_17-35-41  Riemerlinger Straße 25 85662  Hohenbrunn.png,1
2018-02-27_17-18-13  Wettersteinstraße 14 82110  Germering.png,1
2018-02-27_17-21-05  Ostermoosstraße 15 81245  München.png,0
2018-02-27_17-21-38  Hohenesterstraße 18 81245  München.png,0
2018-02-27_17-29-33  Hohenzollernstraße 20 85586  Poing.png,1
2018-02-27_17-30-18  Watzmannstraße 20 85586  Poing.png,1
2018-02-27_17-26-26  Moarstraße 6 85737  Ismaning.png,0
2018-02-27_17-33-53  Höhenkirchener Straße 3 85662  Hohenbrunn.png,0
2018-02-27_17-35-54  Haringstraße 4 85635  HöhenkirchenSiegertsbrunn.png,1
2018-02-27_17-24-16  Schwarzanger 12 80939  München.png,0
2018-02-27_17-23-26  GeorgQueriStraße 18 85757  Karlsfeld.png,0
2018-02-27_17-33-27  Ingelsberger Weg 31 85604  Zorneding.png,0
2018-02-27_17-24-42  Grasrainweg 11 80939  München.png,1
2018-02-27_17-32-15  Am Kapellenberg 23 85604  Zorneding.png,1
2018-02-27_17-36-58  Egmatinger Straße 7 85635  HöhenkirchenSiegertsbrunn.png,1
2018-02-27_17-28-38  Mayerbacherstraße 19 85737  Ismaning.png,1
2018-02-27_17-19-06  Föhrenstraße 7 82110  Germering.png,0
2018-02-27_17-33-20  Am Bergacker 20 85604  Zorneding.png,0
2018-02-27_17-31-41  RosaSchöpfStraße 9 85604  Zorneding.png,0
2018-02-27_17-28-47  Westring 15 85586  Poing.png,1
2018-02-27_17-23-43  Zweigstraße 7 85757  Karlsfeld.png,0
2018-02-27_17-27-20  Haushamerstraße 5 85737  Ismaning.png,0
2018-02-27_17-29-23  Hohenzollernstraße 15 85586  Poing.png,1
2018-02-27_17-17-37  Angerhofstraße 4 82110  Germering.png,0
2018-02-27_17-38-01  Hirschwinkelstraße 10 85635  HöhenkirchenSiegertsbrunn.png,0
2018-02-27_17-27-07  Freimanner Straße 16 85737  Ismaning.png,0
2018-02-27_17-24-35  Grasrainweg 6 80939  München.png,0
2018-02-27_17-35-26  Riemerlinger Straße 17 85662  Hohenbrunn.png,0
2018-02-27_17-23-14  GeorgQueriStraße 9 85757  Karlsfeld.png,2
2018-02-27_17-32-36  Am Ziegelland 34 85604  Zorneding.png,1
2018-02-27_17-27-21  Haushamerstraße 6 85737  Ismaning.png,1
2018-02-27_17-20-24  Schöngeisinger Straße 4 81245  München.png,0
2018-02-27_17-32-00  Am Kapellenberg 13 85604  Zorneding.png,0
2018-02-27_17-31-13  Ilchinger Weg 10 85604  Zorneding.png,0
2018-02-27_17-27-31  Haushamerstraße 13 85737  Ismaning.png,0
2018-02-27_17-31-19  Ilchinger Weg 14 85604  Zorneding.png,0
2018-02-27_17-39-24  Jennerweg 14 83483  Bischofswiesen.png,1
2018-02-27_17-32-44  Am Ziegelland 40 85604  Zorneding.png,1
2018-02-27_17-29-50  Hohenstaufenring 11 85586  Poing.png,1
2018-02-27_17-27-24  Haushamerstraße 8 85737  Ismaning.png,0
2018-02-27_17-17-10  Dorfstraße 30 82110  Germering.png,1
2018-02-27_17-27-17  Haushamerstraße 3 85737  Ismaning.png,0
2018-02-27_17-19-59  Schwemmstraße 5 81245  München.png,0
2018-02-27_17-18-24  Wettersteinstraße 22 82110  Germering.png,1
2018-02-27_17-18-01  Wettersteinstraße 5 82110  Germering.png,0
2018-02-27_17-35-44  Riemerlinger Straße 27 85662  Hohenbrunn.png,1
2018-02-27_17-37-53  Hirschwinkelstraße 4 85635  HöhenkirchenSiegertsbrunn.png,2
2018-02-27_17-29-07  Hohenzollernstraße 3 85586  Poing.png,0
2018-02-27_17-33-46  Ingelsberger Weg 44 85604  Zorneding.png,0
2018-02-27_17-38-47  Am Datzmann 57 83483  Bischofswiesen.png,1
2018-02-27_17-23-44  Zweigstraße 8 85757  Karlsfeld.png,0
2018-02-27_17-23-05  GeorgQueriStraße 2 85757  Karlsfeld.png,0
2018-02-27_17-22-20  Nelkenstraße 10 85757  Karlsfeld.png,0
2018-02-27_17-18-12  Wettersteinstraße 13 82110  Germering.png,0
2018-02-27_17-21-29  Hohenesterstraße 12 81245  München.png,0
2018-02-27_17-36-03  Haringstraße 10 85635  HöhenkirchenSiegertsbrunn.png,0
2018-02-27_17-20-55  Ostermoosstraße 8 81245  München.png,0
2018-02-27_17-18-32  Wiesenstraße 4 82110  Germering.png,1
2018-02-27_17-34-40  Am Schulgarten 15 85662  Hohenbrunn.png,1
2018-02-27_17-26-20  Moarstraße 2 85737  Ismaning.png,0
2018-02-27_17-20-21  Schöngeisinger Straße 2 81245  München.png,1
2018-02-27_17-24-59  Untere Länge 3 80939  München.png,1
2018-02-27_17-21-39  Hohenesterstraße 19 81245  München.png,0
2018-02-27_17-21-58  Winterstraße 13 85757  Karlsfeld.png,0
2018-02-27_17-21-28  Hohenesterstraße 11 81245  München.png,1
2018-02-27_17-25-45  Obere Länge 15 80939  München.png,0
2018-02-27_17-29-44  Hohenstaufenring 6 85586  Poing.png,0
2018-02-27_17-24-20  Schwarzanger 15 80939  München.png,0
2018-02-27_17-33-04  Am Bergacker 8 85604  Zorneding.png,0
2018-02-27_17-25-16  Untere Länge 15 80939  München.png,0
2018-02-27_17-25-14  Untere Länge 14 80939  München.png,0
2018-02-27_17-22-19  Nelkenstraße 9 85757  Karlsfeld.png,1
2018-02-27_17-33-16  Am Bergacker 17 85604  Zorneding.png,0
2018-02-27_17-36-38  Am Baumgarten 14 85635  HöhenkirchenSiegertsbrunn.png,1
2018-02-27_17-20-51  Ostermoosstraße 4 81245  München.png,2
2018-02-27_17-35-27  Riemerlinger Straße 18 85662  Hohenbrunn.png,1
2018-02-27_17-38-41  FranzMaltanStraße 19 83483  Bischofswiesen.png,1
2018-02-27_17-34-41  Am Schulgarten 16 85662  Hohenbrunn.png,2
2018-02-27_17-33-52  Höhenkirchener Straße 2 85662  Hohenbrunn.png,0
2018-02-27_17-28-46  Westring 14 85586  Poing.png,0
2018-02-27_17-24-39  Grasrainweg 9 80939  München.png,0
2018-02-27_17-29-29  Hohenzollernstraße 19 85586  Poing.png,1
2018-02-27_17-34-36  Am Schulgarten 12 85662  Hohenbrunn.png,1
2018-02-27_17-35-07  Brunnengasse 15 85662  Hohenbrunn.png,0
2018-02-27_17-21-46  Winterstraße 3 85757  Karlsfeld.png,0
2018-02-27_17-31-08  Ilchinger Weg 7 85604  Zorneding.png,1
2018-02-27_17-38-54  Am Datzmann 62 83483  Bischofswiesen.png,1
2018-02-27_17-34-55  Brunnengasse 7 85662  Hohenbrunn.png,2
2018-02-27_17-19-50  Olchinger Weg 18 81245  München.png,0
2018-02-27_17-26-54  Freimanner Straße 7 85737  Ismaning.png,0
2018-02-27_17-37-05  Egmatinger Straße 11 85635  HöhenkirchenSiegertsbrunn.png,1
2018-02-27_17-31-59  Am Kapellenberg 12 85604  Zorneding.png,1
2018-02-27_17-18-05  Wettersteinstraße 8 82110  Germering.png,0
2018-02-27_17-38-13  Hirschwinkelstraße 19 85635  HöhenkirchenSiegertsbrunn.png,0
2018-02-27_17-20-05  Schwemmstraße 10 81245  München.png,0
2018-02-27_17-23-47  Zweigstraße 10 85757  Karlsfeld.png,1
2018-02-27_17-33-00  Am Bergacker 5 85604  Zorneding.png,0
2018-02-27_17-37-21  Sigohostraße 9 85635  HöhenkirchenSiegertsbrunn.png,1
2018-02-27_17-30-19  Watzmannstraße 21 85586  Poing.png,0
2018-02-27_17-20-54  Ostermoosstraße 7 81245  München.png,0
2018-02-27_17-33-35  Ingelsberger Weg 36 85604  Zorneding.png,0
2018-02-27_17-36-40  Am Baumgarten 15 85635  HöhenkirchenSiegertsbrunn.png,1
2018-02-27_17-33-09  Am Bergacker 12 85604  Zorneding.png,0
2018-02-27_17-25-22  Untere Länge 19 80939  München.png,0
2018-02-27_17-25-20  Untere Länge 18 80939  München.png,2
2018-02-27_17-24-32  Grasrainweg 4 80939  München.png,1
2018-02-27_17-23-09  GeorgQueriStraße 5 85757  Karlsfeld.png,0
2018-02-27_17-29-00  Westring 25 85586  Poing.png,1
2018-02-27_17-34-01  Höhenkirchener Straße 8 85662  Hohenbrunn.png,0
2018-02-27_17-35-05  Brunnengasse 14 85662  Hohenbrunn.png,1
2018-02-27_17-38-30  FranzMaltanStraße 11 83483  Bischofswiesen.png,1
2018-02-27_17-37-44  Sigohostraße 25 85635  HöhenkirchenSiegertsbrunn.png,1
2018-02-27_17-32-18  Am Kapellenberg 25 85604  Zorneding.png,0
2018-02-27_17-22-25  Nelkenstraße 14 85757  Karlsfeld.png,0
2018-02-27_17-36-27  Am Baumgarten 6 85635  HöhenkirchenSiegertsbrunn.png,0
2018-02-27_17-33-05  Am Bergacker 9 85604  Zorneding.png,0
2018-02-27_17-28-10  Theodolindenstraße 20 85737  Ismaning.png,0
2018-02-27_17-18-38  Wiesenstraße 8 82110  Germering.png,0
2018-02-27_17-29-48  Hohenstaufenring 9 85586  Poing.png,1
2018-02-27_17-28-25  Mayerbacherstraße 12 85737  Ismaning.png,0
2018-02-27_17-22-48  Gärtnerweg 18 85757  Karlsfeld.png,0
2018-02-27_17-17-32  Angerhofstraße 1 82110  Germering.png,0
2018-02-27_17-21-48  Winterstraße 5 85757  Karlsfeld.png,0
2018-02-27_17-23-22  GeorgQueriStraße 15 85757  Karlsfeld.png,0
2018-02-27_17-38-45  Am Datzmann 56 83483  Bischofswiesen.png,1
2018-02-27_17-27-04  Freimanner Straße 14 85737  Ismaning.png,0
2018-02-27_17-23-40  Zweigstraße 5 85757  Karlsfeld.png,0
2018-02-27_17-38-48  Am Datzmann 58 83483  Bischofswiesen.png,1
2018-02-27_17-30-23  Watzmannstraße 24 85586  Poing.png,2
2018-02-27_17-25-05  Untere Länge 7 80939  München.png,0
2018-02-27_17-34-02  Höhenkirchener Straße 9 85662  Hohenbrunn.png,1
2018-02-27_17-19-10  Föhrenstraße 10 82110  Germering.png,1
2018-02-27_17-29-41  Hohenstaufenring 4 85586  Poing.png,0
2018-02-27_17-35-33  Riemerlinger Straße 19 85662  Hohenbrunn.png,1
2018-02-27_17-30-07  Watzmannstraße 12 85586  Poing.png,1
2018-02-27_17-37-00  Egmatinger Straße 8 85635  HöhenkirchenSiegertsbrunn.png,1
2018-02-27_17-23-45  Zweigstraße 9 85757  Karlsfeld.png,2
2018-02-27_17-23-01  Gärtnerweg 28 85757  Karlsfeld.png,1
2018-02-27_17-31-10  Ilchinger Weg 8 85604  Zorneding.png,0
2018-02-27_17-36-13  Haringstraße 17 85635  HöhenkirchenSiegertsbrunn.png,0
2018-02-27_17-29-54  Hohenstaufenring 14 85586  Poing.png,1
2018-02-27_17-19-00  Föhrenstraße 3 82110  Germering.png,0
2018-02-27_17-23-55  Zweigstraße 16 85757  Karlsfeld.png,0
2018-02-27_17-17-13  Dorfstraße 32 82110  Germering.png,0
2018-02-27_17-35-12  Brunnengasse 19 85662  Hohenbrunn.png,0
2018-02-27_17-36-55  Egmatinger Straße 5 85635  HöhenkirchenSiegertsbrunn.png,2
2018-02-27_17-23-25  GeorgQueriStraße 17 85757  Karlsfeld.png,0
2018-02-27_17-34-34  Am Schulgarten 11 85662  Hohenbrunn.png,1
2018-02-27_17-19-16  Föhrenstraße 14 82110  Germering.png,0
2018-02-27_17-20-13  Schwemmstraße 16 81245  München.png,0
2018-02-27_17-27-10  Freimanner Straße 18 85737  Ismaning.png,1
2018-02-27_17-30-59  Ilchinger Weg 1 85604  Zorneding.png,1
2018-02-27_17-17-02  Dorfstraße 25 82110  Germering.png,1
2018-02-27_17-27-39  Haushamerstraße 18 85737  Ismaning.png,1
2018-02-27_17-21-41  Hohenesterstraße 20 81245  München.png,0
2018-02-27_17-22-14  Nelkenstraße 5 85757  Karlsfeld.png,0
2018-02-27_17-23-51  Zweigstraße 13 85757  Karlsfeld.png,1
2018-02-27_17-29-45  Hohenstaufenring 7 85586  Poing.png,1
2018-02-27_17-30-01  Hohenstaufenring 19 85586  Poing.png,1
2018-02-27_17-23-12  GeorgQueriStraße 7 85757  Karlsfeld.png,0
2018-02-27_17-39-26  Jennerweg 16 83483  Bischofswiesen.png,1
2018-02-27_17-17-11  Dorfstraße 31 82110  Germering.png,0
2018-02-27_17-30-27  Watzmannstraße 27 85586  Poing.png,0
2018-02-27_17-37-30  Sigohostraße 15 85635  HöhenkirchenSiegertsbrunn.png,1
2018-02-27_17-32-41  Am Ziegelland 38 85604  Zorneding.png,1
2018-02-27_17-25-53  Schmidbartlanger 1 80939  München.png,1
2018-02-27_17-37-10  Egmatinger Straße 14 85635  HöhenkirchenSiegertsbrunn.png,1
2018-02-27_17-26-07  Schmidbartlanger 12 80939  München.png,0
2018-02-27_17-39-22  Jennerweg 13 83483  Bischofswiesen.png,1
2018-02-27_17-32-17  Am Kapellenberg 24 85604  Zorneding.png,0
2018-02-27_17-25-48  Obere Länge 17 80939  München.png,0
2018-02-27_17-23-13  GeorgQueriStraße 8 85757  Karlsfeld.png,0
2018-02-27_17-38-00  Hirschwinkelstraße 9 85635  HöhenkirchenSiegertsbrunn.png,1
2018-02-27_17-22-06  Winterstraße 19 85757  Karlsfeld.png,1
2018-02-27_17-17-47  Angerhofstraße 11 82110  Germering.png,0
2018-02-27_17-25-02  Untere Länge 5 80939  München.png,0
2018-02-27_17-35-40  Riemerlinger Straße 24 85662  Hohenbrunn.png,0
2018-02-27_17-30-32  Rosenstraße 2 85586  Poing.png,0
2018-02-27_17-31-36  RosaSchöpfStraße 6 85604  Zorneding.png,0
2018-02-27_17-20-23  Schöngeisinger Straße 3 81245  München.png,0
2018-02-27_17-23-24  GeorgQueriStraße 16 85757  Karlsfeld.png,1
2018-02-27_17-37-46  Sigohostraße 26 85635  HöhenkirchenSiegertsbrunn.png,0
2018-02-27_17-35-04  Brunnengasse 13 85662  Hohenbrunn.png,0
2018-02-27_17-27-59  Theodolindenstraße 12 85737  Ismaning.png,1
2018-02-27_17-25-39  Obere Länge 11 80939  München.png,0
2018-02-27_17-35-01  Brunnengasse 11 85662  Hohenbrunn.png,1
2018-02-27_17-17-16  Dorfstraße 34 82110  Germering.png,0
2018-02-27_17-36-34  Am Baumgarten 11 85635  HöhenkirchenSiegertsbrunn.png,2
2018-02-27_17-30-17  Watzmannstraße 19 85586  Poing.png,0
2018-02-27_17-26-45  Freimanner Straße 1 85737  Ismaning.png,0
2018-02-27_17-20-31  Schöngeisinger Straße 9 81245  München.png,0
2018-02-27_17-21-06  Ostermoosstraße 16 81245  München.png,0
2018-02-27_17-27-52  Theodolindenstraße 7 85737  Ismaning.png,0
2018-02-27_17-36-11  Haringstraße 16 85635  HöhenkirchenSiegertsbrunn.png,0
2018-02-27_17-26-40  Moarstraße 17 85737  Ismaning.png,0
2018-02-27_17-26-33  Moarstraße 12 85737  Ismaning.png,0
2018-02-27_17-33-40  Ingelsberger Weg 40 85604  Zorneding.png,0
2018-02-27_17-24-12  Schwarzanger 9 80939  München.png,0
2018-02-27_17-32-02  Am Kapellenberg 14 85604  Zorneding.png,0
2018-02-27_17-37-57  Hirschwinkelstraße 7 85635  HöhenkirchenSiegertsbrunn.png,1
2018-02-27_17-18-57  Föhrenstraße 1 82110  Germering.png,0
2018-02-27_17-27-45  Theodolindenstraße 2 85737  Ismaning.png,2
2018-02-27_17-32-29  Am Ziegelland 29 85604  Zorneding.png,0
2018-02-27_17-38-21  FranzMaltanStraße 4 83483  Bischofswiesen.png,1
2018-02-27_17-29-39  Hohenstaufenring 2 85586  Poing.png,1
2018-02-27_17-38-07  Hirschwinkelstraße 14 85635  HöhenkirchenSiegertsbrunn.png,0
2018-02-27_17-22-52  Gärtnerweg 21 85757  Karlsfeld.png,0
2018-02-27_17-17-38  Angerhofstraße 5 82110  Germering.png,1
2018-02-27_17-36-17  Haringstraße 20 85635  HöhenkirchenSiegertsbrunn.png,0
2018-02-27_17-18-06  Wettersteinstraße 9 82110  Germering.png,0
2018-02-27_17-36-32  Am Baumgarten 10 85635  HöhenkirchenSiegertsbrunn.png,0
2018-02-27_17-24-08  Schwarzanger 6 80939  München.png,0
2018-02-27_17-36-31  Am Baumgarten 9 85635  HöhenkirchenSiegertsbrunn.png,2
2018-02-27_17-37-02  Egmatinger Straße 9 85635  HöhenkirchenSiegertsbrunn.png,2
2018-02-27_17-17-19  Dorfstraße 36 82110  Germering.png,0
2018-02-27_17-33-14  Am Bergacker 16 85604  Zorneding.png,0
2018-02-27_17-21-19  Hohenesterstraße 5 81245  München.png,1
2018-02-27_17-38-57  Am Datzmann 64 83483  Bischofswiesen.png,1
2018-02-27_17-30-43  Rosenstraße 10 85586  Poing.png,0
2018-02-27_17-38-19  FranzMaltanStraße 3 83483  Bischofswiesen.png,1
2018-02-27_17-30-40  Rosenstraße 8 85586  Poing.png,1
2018-02-27_17-29-02  Westring 27 85586  Poing.png,1
2018-02-27_17-39-17  Jennerweg 9 83483  Bischofswiesen.png,0
2018-02-27_17-21-02  Ostermoosstraße 13 81245  München.png,0
2018-02-27_17-34-20  Am Schulgarten 2 85662  Hohenbrunn.png,0
2018-02-27_17-21-44  Winterstraße 2 85757  Karlsfeld.png,0
2018-02-27_17-39-04  Am Datzmann 70 83483  Bischofswiesen.png,1
2018-02-27_17-33-43  Ingelsberger Weg 42 85604  Zorneding.png,0
2018-02-27_17-33-26  Ingelsberger Weg 30 85604  Zorneding.png,0
2018-02-27_17-22-18  Nelkenstraße 8 85757  Karlsfeld.png,1
2018-02-27_17-28-44  Westring 13 85586  Poing.png,1
2018-02-27_17-36-16  Haringstraße 19 85635  HöhenkirchenSiegertsbrunn.png,0
2018-02-27_17-31-27  Ilchinger Weg 20 85604  Zorneding.png,1
2018-02-27_17-29-16  Hohenzollernstraße 10 85586  Poing.png,0
2018-02-27_17-21-26  Hohenesterstraße 10 81245  München.png,1
2018-02-27_17-21-20  Hohenesterstraße 6 81245  München.png,0
2018-02-27_17-33-06  Am Bergacker 10 85604  Zorneding.png,0
2018-02-27_17-19-05  Föhrenstraße 6 82110  Germering.png,0
2018-02-27_17-23-21  GeorgQueriStraße 14 85757  Karlsfeld.png,0
2018-02-27_17-36-57  Egmatinger Straße 6 85635  HöhenkirchenSiegertsbrunn.png,0
2018-02-27_17-25-09  Untere Länge 10 80939  München.png,1
2018-02-27_17-26-27  Moarstraße 7 85737  Ismaning.png,1
2018-02-27_17-37-28  Sigohostraße 14 85635  HöhenkirchenSiegertsbrunn.png,0
2018-02-27_17-27-56  Theodolindenstraße 10 85737  Ismaning.png,0
2018-02-27_17-25-28  Obere Länge 3 80939  München.png,0
2018-02-27_17-20-10  Schwemmstraße 13 81245  München.png,0
2018-02-27_17-21-23  Hohenesterstraße 8 81245  München.png,0
2018-02-27_17-37-13  Egmatinger Straße 16 85635  HöhenkirchenSiegertsbrunn.png,0
2018-02-27_17-36-09  Haringstraße 14 85635  HöhenkirchenSiegertsbrunn.png,0
2018-02-27_17-20-15  Schwemmstraße 17 81245  München.png,0
2018-02-27_17-25-03  Untere Länge 6 80939  München.png,0
2018-02-27_17-38-38  FranzMaltanStraße 17 83483  Bischofswiesen.png,1
2018-02-27_17-30-51  Rosenstraße 15 85586  Poing.png,0
2018-02-27_17-32-10  Am Kapellenberg 20 85604  Zorneding.png,0
2018-02-27_17-30-39  Rosenstraße 7 85586  Poing.png,0
2018-02-27_17-38-59  Am Datzmann 66 83483  Bischofswiesen.png,1
2018-02-27_17-19-28  Olchinger Weg 2 81245  München.png,0
2018-02-27_17-22-28  Nelkenstraße 16 85757  Karlsfeld.png,0
2018-02-27_17-39-15  Jennerweg 8 83483  Bischofswiesen.png,2
2018-02-27_17-33-21  Ingelsberger Weg 27 85604  Zorneding.png,1
2018-02-27_17-27-36  Haushamerstraße 16 85737  Ismaning.png,0
2018-02-27_17-24-38  Grasrainweg 8 80939  München.png,0
2018-02-27_17-22-22  Nelkenstraße 12 85757  Karlsfeld.png,0
2018-02-27_17-27-06  Freimanner Straße 15 85737  Ismaning.png,1
2018-02-27_17-31-58  Am Kapellenberg 11 85604  Zorneding.png,0
2018-02-27_17-38-08  Hirschwinkelstraße 15 85635  HöhenkirchenSiegertsbrunn.png,0
2018-02-27_17-27-53  Theodolindenstraße 8 85737  Ismaning.png,1
2018-02-27_17-30-46  Rosenstraße 12 85586  Poing.png,1
2018-02-27_17-24-11  Schwarzanger 8 80939  München.png,0
2018-02-27_17-22-37  Gärtnerweg 10 85757  Karlsfeld.png,0
2018-02-27_17-37-40  Sigohostraße 22 85635  HöhenkirchenSiegertsbrunn.png,0
2018-02-27_17-22-09  Nelkenstraße 1 85757  Karlsfeld.png,0
2018-02-27_17-34-43  Am Schulgarten 17 85662  Hohenbrunn.png,2
2018-02-27_17-35-58  Haringstraße 7 85635  HöhenkirchenSiegertsbrunn.png,1
2018-02-27_17-36-14  Haringstraße 18 85635  HöhenkirchenSiegertsbrunn.png,1
2018-02-27_17-28-40  Westring 10 85586  Poing.png,0
2018-02-27_17-22-45  Gärtnerweg 16 85757  Karlsfeld.png,1
2018-02-27_17-33-10  Am Bergacker 13 85604  Zorneding.png,0
2018-02-27_17-30-05  Watzmannstraße 11 85586  Poing.png,0
2018-02-27_17-37-49  Hirschwinkelstraße 1 85635  HöhenkirchenSiegertsbrunn.png,0
2018-02-27_17-36-21  Am Baumgarten 2 85635  HöhenkirchenSiegertsbrunn.png,0
2018-02-27_17-23-00  Gärtnerweg 27 85757  Karlsfeld.png,1
2018-02-27_17-34-50  Brunnengasse 3 85662  Hohenbrunn.png,0
2018-02-27_17-17-22  Dorfstraße 38 82110  Germering.png,0
2018-02-27_17-21-09  Ostermoosstraße 18 81245  München.png,0
2018-02-27_17-26-13  Schmidbartlanger 16 80939  München.png,0
2018-02-27_17-24-04  Schwarzanger 3 80939  München.png,0
2018-02-27_17-25-38  Obere Länge 10 80939  München.png,1
2018-02-27_17-39-12  Jennerweg 6 83483  Bischofswiesen.png,1
2018-02-27_17-29-25  Hohenzollernstraße 17 85586  Poing.png,1
2018-02-27_17-18-34  Wiesenstraße 5 82110  Germering.png,0
2018-02-27_17-18-20  Wettersteinstraße 19 82110  Germering.png,2
2018-02-27_17-22-01  Winterstraße 15 85757  Karlsfeld.png,0
2018-02-27_17-38-23  FranzMaltanStraße 6 83483  Bischofswiesen.png,1
2018-02-27_17-33-47  Ingelsberger Weg 45 85604  Zorneding.png,0
2018-02-27_17-24-24  Schwarzanger 18 80939  München.png,1
2018-02-27_17-39-00  Am Datzmann 67 83483  Bischofswiesen.png,1
2018-02-27_17-22-50  Gärtnerweg 19 85757  Karlsfeld.png,1
2018-02-27_17-26-51  Freimanner Straße 5 85737  Ismaning.png,0
2018-02-27_17-26-38  Moarstraße 16 85737  Ismaning.png,0
2018-02-27_17-36-04  Haringstraße 11 85635  HöhenkirchenSiegertsbrunn.png,1
2018-02-27_17-28-55  Westring 21 85586  Poing.png,1
2018-02-27_17-17-54  Angerhofstraße 16 82110  Germering.png,0
2018-02-27_17-31-25  Ilchinger Weg 18 85604  Zorneding.png,0
2018-02-27_17-34-06  Höhenkirchener Straße 12 85662  Hohenbrunn.png,0
2018-02-27_17-18-35  Wiesenstraße 6 82110  Germering.png,1
2018-02-27_17-17-03  Dorfstraße 26 82110  Germering.png,0
2018-02-27_17-29-24  Hohenzollernstraße 16 85586  Poing.png,0
2018-02-27_17-19-36  Olchinger Weg 8 81245  München.png,1
2018-02-27_17-36-24  Am Baumgarten 4 85635  HöhenkirchenSiegertsbrunn.png,0
2018-02-27_17-24-57  Untere Länge 2 80939  München.png,0
2018-02-27_17-26-48  Freimanner Straße 3 85737  Ismaning.png,0
2018-02-27_17-23-10  GeorgQueriStraße 6 85757  Karlsfeld.png,0
2018-02-27_17-30-35  Rosenstraße 4 85586  Poing.png,0
2018-02-27_17-17-20  Dorfstraße 37 82110  Germering.png,0
2018-02-27_17-33-13  Am Bergacker 15 85604  Zorneding.png,0
2018-02-27_17-36-53  Egmatinger Straße 4 85635  HöhenkirchenSiegertsbrunn.png,1
2018-02-27_17-27-42  Haushamerstraße 20 85737  Ismaning.png,0
2018-02-27_17-32-22  Am Kapellenberg 28 85604  Zorneding.png,1
2018-02-27_17-27-49  Theodolindenstraße 5 85737  Ismaning.png,1
2018-02-27_17-21-43  Winterstraße 1 85757  Karlsfeld.png,0
2018-02-27_17-27-13  Freimanner Straße 20 85737  Ismaning.png,1
2018-02-27_17-29-27  Hohenzollernstraße 18 85586  Poing.png,0
2018-02-27_17-34-49  Brunnengasse 2 85662  Hohenbrunn.png,0
2018-02-27_17-26-37  Moarstraße 15 85737  Ismaning.png,0
2018-02-27_17-26-01  Schmidbartlanger 7 80939  München.png,1
2018-02-27_17-30-22  Watzmannstraße 23 85586  Poing.png,1
2018-02-27_17-32-05  Am Kapellenberg 16 85604  Zorneding.png,1
2018-02-27_17-26-58  Freimanner Straße 10 85737  Ismaning.png,2
2018-02-27_17-29-40  Hohenstaufenring 3 85586  Poing.png,0
2018-02-27_17-33-29  Ingelsberger Weg 32 85604  Zorneding.png,1
2018-02-27_17-33-42  Ingelsberger Weg 41 85604  Zorneding.png,0
2018-02-27_17-34-28  Am Schulgarten 9 85662  Hohenbrunn.png,1
2018-02-27_17-32-37  Am Ziegelland 35 85604  Zorneding.png,1
2018-02-27_17-21-35  Hohenesterstraße 16 81245  München.png,0
2018-02-27_17-26-19  Moarstraße 1 85737  Ismaning.png,0
2018-02-27_17-33-25  Ingelsberger Weg 29 85604  Zorneding.png,1
2018-02-27_17-33-39  Ingelsberger Weg 39 85604  Zorneding.png,0
2018-02-27_17-34-12  Höhenkirchener Straße 16 85662  Hohenbrunn.png,1
2018-02-27_17-33-37  Ingelsberger Weg 38 85604  Zorneding.png,1
2018-02-27_17-33-59  Höhenkirchener Straße 7 85662  Hohenbrunn.png,1
2018-02-27_17-33-33  Ingelsberger Weg 35 85604  Zorneding.png,0
2018-02-27_17-34-15  Höhenkirchener Straße 19 85662  Hohenbrunn.png,1
2018-02-27_17-31-32  RosaSchöpfStraße 3 85604  Zorneding.png,0
2018-02-27_17-19-42  Olchinger Weg 12 81245  München.png,1
2018-02-27_17-32-45  Am Ziegelland 41 85604  Zorneding.png,1
2018-02-27_17-21-50  Winterstraße 7 85757  Karlsfeld.png,0
2018-02-27_17-19-54  Schwemmstraße 1 81245  München.png,0
2018-02-27_17-20-58  Ostermoosstraße 10 81245  München.png,0
2018-02-27_17-30-57  Rosenstraße 20 85586  Poing.png,0
2018-02-27_17-23-20  GeorgQueriStraße 13 85757  Karlsfeld.png,0
2018-02-27_17-24-19  Schwarzanger 14 80939  München.png,1
2018-02-27_17-30-11  Watzmannstraße 15 85586  Poing.png,1
2018-02-27_17-37-39  Sigohostraße 21 85635  HöhenkirchenSiegertsbrunn.png,1
2018-02-27_17-20-34  Schöngeisinger Straße 11 81245  München.png,0
2018-02-27_17-28-37  Mayerbacherstraße 18 85737  Ismaning.png,0
2018-02-27_17-32-58  Am Bergacker 4 85604  Zorneding.png,1
2018-02-27_17-33-36  Ingelsberger Weg 37 85604  Zorneding.png,0
2018-02-27_17-39-21  Jennerweg 12 83483  Bischofswiesen.png,1
2018-02-27_17-28-42  Westring 11 85586  Poing.png,1
2018-02-27_17-22-21  Nelkenstraße 11 85757  Karlsfeld.png,0
2018-02-27_17-33-50  Höhenkirchener Straße 1 85662  Hohenbrunn.png,0
2018-02-27_17-23-28  GeorgQueriStraße 19 85757  Karlsfeld.png,0
2018-02-27_17-30-08  Watzmannstraße 13 85586  Poing.png,0
2018-02-27_17-26-50  Freimanner Straße 4 85737  Ismaning.png,0
2018-02-27_17-30-12  Watzmannstraße 16 85586  Poing.png,0
2018-02-27_17-26-42  Moarstraße 19 85737  Ismaning.png,0
2018-02-27_17-17-36  Angerhofstraße 3 82110  Germering.png,0
2018-02-27_17-33-01  Am Bergacker 6 85604  Zorneding.png,2
2018-02-27_17-33-58  Höhenkirchener Straße 6 85662  Hohenbrunn.png,1
2018-02-27_17-27-30  Haushamerstraße 12 85737  Ismaning.png,0
2018-02-27_17-19-57  Schwemmstraße 3 81245  München.png,0
2018-02-27_17-32-35  Am Ziegelland 33 85604  Zorneding.png,0
2018-02-27_17-19-55  Schwemmstraße 2 81245  München.png,2
2018-02-27_17-19-21  Föhrenstraße 17 82110  Germering.png,0
2018-02-27_17-18-16  Wettersteinstraße 16 82110  Germering.png,1
2018-02-27_17-26-05  Schmidbartlanger 10 80939  München.png,0
2018-02-27_17-27-55  Theodolindenstraße 9 85737  Ismaning.png,0
2018-02-27_17-38-50  Am Datzmann 59 83483  Bischofswiesen.png,1
2018-02-27_17-17-50  Angerhofstraße 13 82110  Germering.png,0
2018-02-27_17-20-00  Schwemmstraße 6 81245  München.png,0
2018-02-27_17-23-49  Zweigstraße 11 85757  Karlsfeld.png,1
2018-02-27_17-20-02  Schwemmstraße 7 81245  München.png,0
2018-02-27_17-27-43  Theodolindenstraße 1 85737  Ismaning.png,1
2018-02-27_17-28-13  Mayerbacherstraße 2 85737  Ismaning.png,0
2018-02-27_17-29-09  Hohenzollernstraße 5 85586  Poing.png,1
2018-02-27_17-29-17  Hohenzollernstraße 11 85586  Poing.png,1
2018-02-27_17-37-51  Hirschwinkelstraße 3 85635  HöhenkirchenSiegertsbrunn.png,0
2018-02-27_17-34-52  Brunnengasse 4 85662  Hohenbrunn.png,0
2018-02-27_17-36-06  Haringstraße 12 85635  HöhenkirchenSiegertsbrunn.png,0
2018-02-27_17-27-02  Freimanner Straße 12 85737  Ismaning.png,0
2018-02-27_17-29-38  Hohenstaufenring 1 85586  Poing.png,0
2018-02-27_17-32-47  Am Ziegelland 42 85604  Zorneding.png,1
2018-02-27_17-25-33  Obere Länge 7 80939  München.png,0
2018-02-27_17-23-41  Zweigstraße 6 85757  Karlsfeld.png,0
2018-02-27_17-31-45  RosaSchöpfStraße 12 85604  Zorneding.png,2
2018-02-27_17-35-50  Haringstraße 2 85635  HöhenkirchenSiegertsbrunn.png,0
2018-02-27_17-34-04  Höhenkirchener Straße 10 85662  Hohenbrunn.png,0
2018-02-27_17-21-47  Winterstraße 4 85757  Karlsfeld.png,0
2018-02-27_17-21-52  Winterstraße 8 85757  Karlsfeld.png,1
2018-02-27_17-22-02  Winterstraße 16 85757  Karlsfeld.png,0
2018-02-27_17-17-27  Dorfstraße 41 82110  Germering.png,0
2018-02-27_17-38-33  FranzMaltanStraße 13 83483  Bischofswiesen.png,1
2018-02-27_17-38-15  Hirschwinkelstraße 20 85635  HöhenkirchenSiegertsbrunn.png,0
2018-02-27_17-38-28  FranzMaltanStraße 9 83483  Bischofswiesen.png,1
2018-02-27_17-21-04  Ostermoosstraße 14 81245  München.png,0
2018-02-27_17-18-21  Wettersteinstraße 20 82110  Germering.png,1
2018-02-27_17-22-59  Gärtnerweg 26 85757  Karlsfeld.png,1
2018-02-27_17-31-48  RosaSchöpfStraße 14 85604  Zorneding.png,0
2018-02-27_17-18-31  Wiesenstraße 3 82110  Germering.png,0
2018-02-27_17-37-27  Sigohostraße 13 85635  HöhenkirchenSiegertsbrunn.png,1
2018-02-27_17-25-36  Obere Länge 9 80939  München.png,0
2018-02-27_17-22-56  Gärtnerweg 24 85757  Karlsfeld.png,2
2018-02-27_17-24-25  Schwarzanger 19 80939  München.png,0
2018-02-27_17-29-35  Hohenzollernstraße 21 85586  Poing.png,1
2018-02-27_17-34-09  Höhenkirchener Straße 14 85662  Hohenbrunn.png,0
2018-02-27_17-18-29  Wiesenstraße 2 82110  Germering.png,0
2018-02-27_17-19-37  Olchinger Weg 9 81245  München.png,0
2018-02-27_17-26-17  Schmidbartlanger 20 80939  München.png,0
2018-02-27_17-18-02  Wettersteinstraße 6 82110  Germering.png,0
2018-02-27_17-37-08  Egmatinger Straße 13 85635  HöhenkirchenSiegertsbrunn.png,0
2018-02-27_17-25-18  Untere Länge 16 80939  München.png,0
2018-02-27_17-21-33  Hohenesterstraße 15 81245  München.png,1
2018-02-27_17-28-57  Westring 23 85586  Poing.png,1
2018-02-27_17-25-50  Obere Länge 19 80939  München.png,0
2018-02-27_17-24-37  Grasrainweg 7 80939  München.png,0
2018-02-27_17-21-54  Winterstraße 10 85757  Karlsfeld.png,1
2018-02-27_17-19-03  Föhrenstraße 5 82110  Germering.png,1
2018-02-27_17-17-40  Angerhofstraße 6 82110  Germering.png,0
2018-02-27_17-23-37  Zweigstraße 3 85757  Karlsfeld.png,0
2018-02-27_17-21-00  Ostermoosstraße 11 81245  München.png,1
2018-02-27_17-30-33  Rosenstraße 3 85586  Poing.png,0
2018-02-27_17-20-07  Schwemmstraße 11 81245  München.png,1
2018-02-27_17-21-13  Hohenesterstraße 1 81245  München.png,0
2018-02-27_17-31-01  Ilchinger Weg 2 85604  Zorneding.png,1
2018-02-27_17-28-51  Westring 18 85586  Poing.png,0
2018-02-27_17-27-28  Haushamerstraße 11 85737  Ismaning.png,0
2018-02-27_17-31-46  RosaSchöpfStraße 13 85604  Zorneding.png,0
2018-02-27_17-19-22  Föhrenstraße 18 82110  Germering.png,0
2018-02-27_17-34-23  Am Schulgarten 5 85662  Hohenbrunn.png,1
2018-02-27_17-35-49  Haringstraße 1 85635  HöhenkirchenSiegertsbrunn.png,0
2018-02-27_17-31-23  Ilchinger Weg 17 85604  Zorneding.png,1
2018-02-27_17-25-19  Untere Länge 17 80939  München.png,1
2018-02-27_17-22-44  Gärtnerweg 15 85757  Karlsfeld.png,1
2018-02-27_17-19-44  Olchinger Weg 14 81245  München.png,1
2018-02-27_17-35-56  Haringstraße 5 85635  HöhenkirchenSiegertsbrunn.png,1
2018-02-27_17-20-11  Schwemmstraße 14 81245  München.png,0
2018-02-27_17-31-16  Ilchinger Weg 12 85604  Zorneding.png,0
2018-02-27_17-26-09  Schmidbartlanger 13 80939  München.png,0
2018-02-27_17-34-54  Brunnengasse 6 85662  Hohenbrunn.png,2
2018-02-27_17-39-01  Am Datzmann 68 83483  Bischofswiesen.png,1
2018-02-27_17-32-27  Am Ziegelland 27 85604  Zorneding.png,0
2018-02-27_17-22-15  Nelkenstraße 6 85757  Karlsfeld.png,1
2018-02-27_17-31-31  RosaSchöpfStraße 2 85604  Zorneding.png,0
2018-02-27_17-21-25  Hohenesterstraße 9 81245  München.png,1
2018-02-27_17-30-36  Rosenstraße 5 85586  Poing.png,0
2018-02-27_17-32-09  Am Kapellenberg 19 85604  Zorneding.png,1
2018-02-27_17-29-11  Hohenzollernstraße 6 85586  Poing.png,0
2018-02-27_17-17-18  Dorfstraße 35 82110  Germering.png,1
2018-02-27_17-39-14  Jennerweg 7 83483  Bischofswiesen.png,1
2018-02-27_17-18-41  Wiesenstraße 10 82110  Germering.png,0
2018-02-27_17-38-18  FranzMaltanStraße 2 83483  Bischofswiesen.png,1
2018-02-27_17-29-21  Hohenzollernstraße 14 85586  Poing.png,0
2018-02-27_17-22-38  Gärtnerweg 11 85757  Karlsfeld.png,1
2018-02-27_17-35-46  Riemerlinger Straße 28 85662  Hohenbrunn.png,1
2018-02-27_17-22-53  Gärtnerweg 22 85757  Karlsfeld.png,0
2018-02-27_17-36-01  Haringstraße 9 85635  HöhenkirchenSiegertsbrunn.png,0
2018-02-27_17-29-46  Hohenstaufenring 8 85586  Poing.png,0
2018-02-27_17-27-00  Freimanner Straße 11 85737  Ismaning.png,1
2018-02-27_17-19-47  Olchinger Weg 16 81245  München.png,1
2018-02-27_17-31-39  RosaSchöpfStraße 8 85604  Zorneding.png,0
2018-02-27_17-34-38  Am Schulgarten 14 85662  Hohenbrunn.png,1
2018-02-27_17-18-10  Wettersteinstraße 12 82110  Germering.png,1
2018-02-27_17-22-11  Nelkenstraße 3 85757  Karlsfeld.png,1
2018-02-27_17-23-54  Zweigstraße 15 85757  Karlsfeld.png,1
2018-02-27_17-24-56  Untere Länge 1 80939  München.png,1
2018-02-27_17-38-52  Am Datzmann 61 83483  Bischofswiesen.png,1
2018-02-27_17-36-22  Am Baumgarten 3 85635  HöhenkirchenSiegertsbrunn.png,0
2018-02-27_17-20-27  Schöngeisinger Straße 6 81245  München.png,0
2018-02-27_17-23-18  GeorgQueriStraße 12 85757  Karlsfeld.png,1
2018-02-27_17-21-49  Winterstraße 6 85757  Karlsfeld.png,1
2018-02-27_17-26-43  Moarstraße 20 85737  Ismaning.png,0
2018-02-27_17-24-31  Grasrainweg 3 80939  München.png,0
2018-02-27_17-32-31  Am Ziegelland 30 85604  Zorneding.png,0
2018-02-27_17-24-43  Grasrainweg 12 80939  München.png,0
2018-02-27_17-28-56  Westring 22 85586  Poing.png,0
2018-02-27_17-25-35  Obere Länge 8 80939  München.png,0
2018-02-27_17-21-22  Hohenesterstraße 7 81245  München.png,1
2018-02-27_17-25-00  Untere Länge 4 80939  München.png,1
2018-02-27_17-35-16  Riemerlinger Straße 10 85662  Hohenbrunn.png,0
2018-02-27_17-32-50  Am Ziegelland 44 85604  Zorneding.png,1
2018-02-27_17-28-53  Westring 20 85586  Poing.png,0
2018-02-27_17-35-34  Riemerlinger Straße 20 85662  Hohenbrunn.png,0
2018-02-27_17-26-16  Schmidbartlanger 19 80939  München.png,1
2018-02-27_17-22-41  Gärtnerweg 13 85757  Karlsfeld.png,1
2018-02-27_17-23-39  Zweigstraße 4 85757  Karlsfeld.png,0
2018-02-27_17-31-14  Ilchinger Weg 11 85604  Zorneding.png,0
2018-02-27_17-18-14  Wettersteinstraße 15 82110  Germering.png,0
2018-02-27_17-32-06  Am Kapellenberg 17 85604  Zorneding.png,1
2018-02-27_17-32-57  Am Bergacker 3 85604  Zorneding.png,1
2018-02-27_17-26-28  Moarstraße 8 85737  Ismaning.png,0
2018-02-27_17-20-12  Schwemmstraße 15 81245  München.png,0
2018-02-27_17-26-22  Moarstraße 3 85737  Ismaning.png,1
2018-02-27_17-32-13  Am Kapellenberg 22 85604  Zorneding.png,0
2018-02-27_17-28-23  Mayerbacherstraße 10 85737  Ismaning.png,1
2018-02-27_17-26-41  Moarstraße 18 85737  Ismaning.png,0
2018-02-27_17-34-47  Brunnengasse 1 85662  Hohenbrunn.png,0
2018-02-27_17-19-24  Föhrenstraße 19 82110  Germering.png,0
2018-02-27_17-32-03  Am Kapellenberg 15 85604  Zorneding.png,0
2018-02-27_17-37-23  Sigohostraße 10 85635  HöhenkirchenSiegertsbrunn.png,0
2018-02-27_17-20-30  Schöngeisinger Straße 8 81245  München.png,1
2018-02-27_17-26-24  Moarstraße 5 85737  Ismaning.png,1
2018-02-27_17-33-08  Am Bergacker 11 85604  Zorneding.png,0
2018-02-27_17-24-03  Schwarzanger 2 80939  München.png,0
2018-02-27_17-20-35  Schöngeisinger Straße 12 81245  München.png,0
2018-02-27_17-32-48  Am Ziegelland 43 85604  Zorneding.png,0
2018-02-27_17-29-53  Hohenstaufenring 13 85586  Poing.png,1
2018-02-27_17-32-40  Am Ziegelland 37 85604  Zorneding.png,1
2018-02-27_17-26-02  Schmidbartlanger 8 80939  München.png,1
2018-02-27_17-28-04  Theodolindenstraße 16 85737  Ismaning.png,1
2018-02-27_17-32-28  Am Ziegelland 28 85604  Zorneding.png,0
2018-02-27_17-17-44  Angerhofstraße 9 82110  Germering.png,0
2018-02-27_17-35-11  Brunnengasse 18 85662  Hohenbrunn.png,1
2018-02-27_17-36-25  Am Baumgarten 5 85635  HöhenkirchenSiegertsbrunn.png,1
2018-02-27_17-24-05  Schwarzanger 4 80939  München.png,1
2018-02-27_17-31-34  RosaSchöpfStraße 4 85604  Zorneding.png,0
2018-02-27_17-20-20  Schöngeisinger Straße 1 81245  München.png,0
2018-02-27_17-21-14  Hohenesterstraße 2 81245  München.png,0
2018-02-27_17-36-41  Am Baumgarten 16 85635  HöhenkirchenSiegertsbrunn.png,1
2018-02-27_17-26-57  Freimanner Straße 9 85737  Ismaning.png,0
2018-02-27_17-33-32  Ingelsberger Weg 34 85604  Zorneding.png,1
2018-02-27_17-17-08  Dorfstraße 29 82110  Germering.png,1
2018-02-27_17-28-07  Theodolindenstraße 18 85737  Ismaning.png,0
2018-02-27_17-37-33  Sigohostraße 17 85635  HöhenkirchenSiegertsbrunn.png,1
2018-02-27_17-22-40  Gärtnerweg 12 85757  Karlsfeld.png,1
2018-02-27_17-19-13  Föhrenstraße 12 82110  Germering.png,0
2018-02-27_17-35-35  Riemerlinger Straße 21 85662  Hohenbrunn.png,1
2018-02-27_17-23-34  Zweigstraße 1 85757  Karlsfeld.png,0
2018-02-27_17-30-52  Rosenstraße 16 85586  Poing.png,0
2018-02-27_17-29-08  Hohenzollernstraße 4 85586  Poing.png,0
2018-02-27_17-21-53  Winterstraße 9 85757  Karlsfeld.png,0
2018-02-27_17-35-17  Riemerlinger Straße 11 85662  Hohenbrunn.png,0
2018-02-27_17-20-08  Schwemmstraße 12 81245  München.png,0
2018-02-27_17-28-01  Theodolindenstraße 14 85737  Ismaning.png,1
2018-02-27_17-27-33  Haushamerstraße 14 85737  Ismaning.png,1
2018-02-27_17-19-39  Olchinger Weg 10 81245  München.png,1
2018-02-27_17-31-50  RosaSchöpfStraße 15 85604  Zorneding.png,0
2018-02-27_17-39-25  Jennerweg 15 83483  Bischofswiesen.png,1
2018-02-27_17-22-55  Gärtnerweg 23 85757  Karlsfeld.png,2
2018-02-27_17-27-37  Haushamerstraße 17 85737  Ismaning.png,0
2018-02-27_17-36-37  Am Baumgarten 13 85635  HöhenkirchenSiegertsbrunn.png,2
2018-02-27_17-22-47  Gärtnerweg 17 85757  Karlsfeld.png,1
2018-02-27_17-35-22  Riemerlinger Straße 15 85662  Hohenbrunn.png,0
2018-02-27_17-26-32  Moarstraße 11 85737  Ismaning.png,1
2018-02-27_17-28-39  Mayerbacherstraße 20 85737  Ismaning.png,0
2018-02-27_17-25-41  Obere Länge 12 80939  München.png,0
2018-02-27_17-29-01  Westring 26 85586  Poing.png,0
2018-02-27_17-19-07  Föhrenstraße 8 82110  Germering.png,0
2018-02-27_17-25-25  Obere Länge 1 80939  München.png,0
2018-02-27_17-20-25  Schöngeisinger Straße 5 81245  München.png,0
2018-02-27_17-34-57  Brunnengasse 8 85662  Hohenbrunn.png,1
2018-02-27_17-27-48  Theodolindenstraße 4 85737  Ismaning.png,0
2018-02-27_17-17-43  Angerhofstraße 8 82110  Germering.png,0
2018-02-27_17-35-10  Brunnengasse 17 85662  Hohenbrunn.png,1
2018-02-27_17-20-19  Schwemmstraße 20 81245  München.png,0
2018-02-27_17-35-14  Brunnengasse 20 85662  Hohenbrunn.png,1
2018-02-27_17-25-07  Untere Länge 9 80939  München.png,0
2018-02-27_17-30-53  Rosenstraße 17 85586  Poing.png,1
2018-02-27_17-30-37  Rosenstraße 6 85586  Poing.png,0
2018-02-27_17-31-26  Ilchinger Weg 19 85604  Zorneding.png,0
2018-02-27_17-24-13  Schwarzanger 10 80939  München.png,0
2018-02-27_17-36-52  Egmatinger Straße 3 85635  HöhenkirchenSiegertsbrunn.png,0
2018-02-27_17-33-49  Ingelsberger Weg 46 85604  Zorneding.png,1
2018-02-27_17-37-11  Egmatinger Straße 15 85635  HöhenkirchenSiegertsbrunn.png,0
2018-02-27_17-23-04  GeorgQueriStraße 1 85757  Karlsfeld.png,0
2018-02-27_17-38-25  FranzMaltanStraße 7 83483  Bischofswiesen.png,1
2018-02-27_17-31-44  RosaSchöpfStraße 11 85604  Zorneding.png,0
2018-02-27_17-35-21  Riemerlinger Straße 14 85662  Hohenbrunn.png,0
2018-02-27_17-27-03  Freimanner Straße 13 85737  Ismaning.png,1
2018-02-27_17-38-58  Am Datzmann 65 83483  Bischofswiesen.png,1
2018-02-27_17-26-12  Schmidbartlanger 15 80939  München.png,0
2018-02-27_17-32-25  Am Kapellenberg 30 85604  Zorneding.png,2
2018-02-27_17-25-29  Obere Länge 4 80939  München.png,0
2018-02-27_17-28-35  Mayerbacherstraße 17 85737  Ismaning.png,0
2018-02-27_17-38-51  Am Datzmann 60 83483  Bischofswiesen.png,1
2018-02-27_17-35-20  Riemerlinger Straße 13 85662  Hohenbrunn.png,0
2018-02-27_17-23-02  Gärtnerweg 29 85757  Karlsfeld.png,1
2018-02-27_17-37-47  Sigohostraße 27 85635  HöhenkirchenSiegertsbrunn.png,1
2018-02-27_17-26-03  Schmidbartlanger 9 80939  München.png,1
2018-02-27_17-39-03  Am Datzmann 69 83483  Bischofswiesen.png,1
2018-02-27_17-18-58  Föhrenstraße 2 82110  Germering.png,0
2018-02-27_17-26-15  Schmidbartlanger 18 80939  München.png,0
2018-02-27_17-37-31  Sigohostraße 16 85635  HöhenkirchenSiegertsbrunn.png,0
2018-02-27_17-31-35  RosaSchöpfStraße 5 85604  Zorneding.png,0
2018-02-27_17-19-26  Olchinger Weg 1 81245  München.png,0
2018-02-27_17-33-12  Am Bergacker 14 85604  Zorneding.png,0
2018-02-27_17-36-43  Am Baumgarten 17 85635  HöhenkirchenSiegertsbrunn.png,1
2018-02-27_17-26-56  Freimanner Straße 8 85737  Ismaning.png,1
2018-02-27_17-19-15  Föhrenstraße 13 82110  Germering.png,0
2018-02-27_17-20-28  Schöngeisinger Straße 7 81245  München.png,0
2018-02-27_17-34-30  Am Schulgarten 10 85662  Hohenbrunn.png,0
2018-02-27_17-36-35  Am Baumgarten 12 85635  HöhenkirchenSiegertsbrunn.png,1
2018-02-27_17-17-45  Angerhofstraße 10 82110  Germering.png,0
2018-02-27_17-26-46  Freimanner Straße 2 85737  Ismaning.png,0
2018-02-27_17-38-55  Am Datzmann 63 83483  Bischofswiesen.png,1
2018-02-27_17-37-56  Hirschwinkelstraße 6 85635  HöhenkirchenSiegertsbrunn.png,1
2018-02-27_17-18-27  Wiesenstraße 1 82110  Germering.png,0
2018-02-27_17-35-24  Riemerlinger Straße 16 85662  Hohenbrunn.png,0
2018-02-27_17-28-50  Westring 17 85586  Poing.png,1
2018-02-27_17-32-54  Am Bergacker 1 85604  Zorneding.png,1
2018-02-27_17-23-36  Zweigstraße 2 85757  Karlsfeld.png,1
2018-02-27_17-36-10  Haringstraße 15 85635  HöhenkirchenSiegertsbrunn.png,0
2018-02-27_17-21-18  Hohenesterstraße 4 81245  München.png,1
2018-02-27_17-39-11  Jennerweg 5 83483  Bischofswiesen.png,0
2018-02-27_17-22-57  Gärtnerweg 25 85757  Karlsfeld.png,1
2018-02-27_17-29-12  Hohenzollernstraße 7 85586  Poing.png,1
2018-02-27_17-36-28  Am Baumgarten 7 85635  HöhenkirchenSiegertsbrunn.png,2
2018-02-27_17-29-57  Hohenstaufenring 16 85586  Poing.png,0
2018-02-27_17-30-45  Rosenstraße 11 85586  Poing.png,0
2018-02-27_17-22-00  Winterstraße 14 85757  Karlsfeld.png,0
2018-02-27_17-34-58  Brunnengasse 9 85662  Hohenbrunn.png,0
2018-02-27_17-18-37  Wiesenstraße 7 82110  Germering.png,0
2018-02-27_17-34-45  Am Schulgarten 19 85662  Hohenbrunn.png,1
2018-02-27_17-38-12  Hirschwinkelstraße 18 85635  HöhenkirchenSiegertsbrunn.png,0
2018-02-27_17-19-19  Föhrenstraße 16 82110  Germering.png,0
2018-02-27_17-29-43  Hohenstaufenring 5 85586  Poing.png,1
2018-02-27_17-33-30  Ingelsberger Weg 33 85604  Zorneding.png,1
2018-02-27_17-17-48  Angerhofstraße 12 82110  Germering.png,0
2018-02-27_17-38-09  Hirschwinkelstraße 16 85635  HöhenkirchenSiegertsbrunn.png,0
2018-02-27_17-22-10  Nelkenstraße 2 85757  Karlsfeld.png,0
2018-02-27_17-17-26  Dorfstraße 40 82110  Germering.png,1
2018-02-27_17-35-57  Haringstraße 6 85635  HöhenkirchenSiegertsbrunn.png,1
2018-02-27_17-37-36  Sigohostraße 19 85635  HöhenkirchenSiegertsbrunn.png,1
2018-02-27_17-38-06  Hirschwinkelstraße 13 85635  HöhenkirchenSiegertsbrunn.png,0
2018-02-27_17-20-17  Schwemmstraße 19 81245  München.png,0
2018-02-27_17-36-44  Am Baumgarten 18 85635  HöhenkirchenSiegertsbrunn.png,0
2018-02-27_17-17-00  Dorfstraße 24 82110  Germering.png,2
2018-02-27_17-27-27  Haushamerstraße 10 85737  Ismaning.png,0
2018-02-27_17-21-10  Ostermoosstraße 19 81245  München.png,0
2018-02-27_17-25-46  Obere Länge 16 80939  München.png,0
2018-02-27_17-37-55  Hirschwinkelstraße 5 85635  HöhenkirchenSiegertsbrunn.png,1
2018-02-27_17-21-07  Ostermoosstraße 17 81245  München.png,0
2018-02-27_17-26-31  Moarstraße 10 85737  Ismaning.png,0
2018-02-27_17-17-52  Angerhofstraße 14 82110  Germering.png,0
2018-02-27_17-34-26  Am Schulgarten 7 85662  Hohenbrunn.png,1
2018-02-27_17-24-09  Schwarzanger 7 80939  München.png,0
2018-02-27_17-23-07  GeorgQueriStraße 3 85757  Karlsfeld.png,0
2018-02-27_17-31-07  Ilchinger Weg 6 85604  Zorneding.png,1
2018-02-27_17-24-46  Grasrainweg 14 80939  München.png,0
2018-02-27_17-28-28  Mayerbacherstraße 14 85737  Ismaning.png,0
2018-02-27_17-20-48  Ostermoosstraße 2 81245  München.png,0
2018-02-27_17-37-03  Egmatinger Straße 10 85635  HöhenkirchenSiegertsbrunn.png,0
2018-02-27_17-38-44  Am Datzmann 55 83483  Bischofswiesen.png,1
2018-02-27_17-37-37  Sigohostraße 20 85635  HöhenkirchenSiegertsbrunn.png,0
2018-02-27_17-30-10  Watzmannstraße 14 85586  Poing.png,0
2018-02-27_17-29-20  Hohenzollernstraße 13 85586  Poing.png,2
2018-02-27_17-38-22  FranzMaltanStraße 5 83483  Bischofswiesen.png,1
2018-02-27_17-24-06  Schwarzanger 5 80939  München.png,0
2018-02-27_17-20-04  Schwemmstraße 9 81245  München.png,0
2018-02-27_17-20-37  Schöngeisinger Straße 13 81245  München.png,0
2018-02-27_17-29-13  Hohenzollernstraße 8 85586  Poing.png,0
2018-02-27_17-35-38  Riemerlinger Straße 23 85662  Hohenbrunn.png,1
2018-02-27_17-30-28  Watzmannstraße 28 85586  Poing.png,0
2018-02-27_17-30-31  Rosenstraße 1 85586  Poing.png,0
2018-02-27_17-31-38  RosaSchöpfStraße 7 85604  Zorneding.png,1
2018-02-27_17-34-21  Am Schulgarten 3 85662  Hohenbrunn.png,1
2018-02-27_17-25-06  Untere Länge 8 80939  München.png,1
2018-02-27_17-33-23  Ingelsberger Weg 28 85604  Zorneding.png,2
2018-02-27_17-24-23  Schwarzanger 17 80939  München.png,0
2018-02-27_17-23-17  GeorgQueriStraße 11 85757  Karlsfeld.png,1
2018-02-27_17-17-41  Angerhofstraße 7 82110  Germering.png,0
2018-02-27_17-28-48  Westring 16 85586  Poing.png,0
2018-02-27_17-32-43  Am Ziegelland 39 85604  Zorneding.png,1
2018-02-27_17-31-29  RosaSchöpfStraße 1 85604  Zorneding.png,0
2018-02-27_17-19-31  Olchinger Weg 4 81245  München.png,0
2018-02-27_17-33-55  Höhenkirchener Straße 4 85662  Hohenbrunn.png,1
2018-02-27_17-36-46  Am Baumgarten 19 85635  HöhenkirchenSiegertsbrunn.png,0
2018-02-27_17-39-18  Jennerweg 10 83483  Bischofswiesen.png,1
2018-02-27_17-37-34  Sigohostraße 18 85635  HöhenkirchenSiegertsbrunn.png,0
2018-02-27_17-32-12  Am Kapellenberg 21 85604  Zorneding.png,1
2018-02-27_17-24-29  Grasrainweg 2 80939  München.png,1
2018-02-27_17-33-18  Am Bergacker 19 85604  Zorneding.png,0
2018-02-27_17-26-29  Moarstraße 9 85737  Ismaning.png,1
2018-02-27_17-25-26  Obere Länge 2 80939  München.png,0
2018-02-27_17-30-14  Watzmannstraße 17 85586  Poing.png,0
2018-02-27_17-36-00  Haringstraße 8 85635  HöhenkirchenSiegertsbrunn.png,0
2018-02-27_17-38-11  Hirschwinkelstraße 17 85635  HöhenkirchenSiegertsbrunn.png,0
2018-02-27_17-24-15  Schwarzanger 11 80939  München.png,1
2018-02-27_17-16-59  Dorfstraße 23 82110  Germering.png,0
2018-02-27_17-20-46  Ostermoosstraße 1 81245  München.png,0
2018-02-27_17-30-49  Rosenstraße 14 85586  Poing.png,1
2018-02-27_17-35-08  Brunnengasse 16 85662  Hohenbrunn.png,0
2018-02-27_17-32-52  Am Ziegelland 46 85604  Zorneding.png,1
2018-02-27_17-27-58  Theodolindenstraße 11 85737  Ismaning.png,0
2018-02-27_17-29-52  Hohenstaufenring 12 85586  Poing.png,1
2018-02-27_17-32-39  Am Ziegelland 36 85604  Zorneding.png,1
2018-02-27_17-36-49  Egmatinger Straße 1 85635  HöhenkirchenSiegertsbrunn.png,0
2018-02-27_17-37-43  Sigohostraße 24 85635  HöhenkirchenSiegertsbrunn.png,0
2018-02-27_17-19-25  Föhrenstraße 20 82110  Germering.png,0
2018-02-27_17-30-15  Watzmannstraße 18 85586  Poing.png,0
2018-02-27_17-22-16  Nelkenstraße 7 85757  Karlsfeld.png,1
2018-02-27_17-32-33  Am Ziegelland 32 85604  Zorneding.png,0
2018-02-27_17-32-32  Am Ziegelland 31 85604  Zorneding.png,0
2018-02-27_17-30-25  Watzmannstraße 26 85586  Poing.png,0
2018-02-27_17-34-18  Am Schulgarten 1 85662  Hohenbrunn.png,0
2018-02-27_17-37-41  Sigohostraße 23 85635  HöhenkirchenSiegertsbrunn.png,1
2018-02-27_17-20-03  Schwemmstraße 8 81245  München.png,0
2018-02-27_17-34-44  Am Schulgarten 18 85662  Hohenbrunn.png,0
2018-02-27_17-17-34  Angerhofstraße 2 82110  Germering.png,0
2018-02-27_17-22-43  Gärtnerweg 14 85757  Karlsfeld.png,1
2018-02-27_17-36-47  Am Baumgarten 20 85635  HöhenkirchenSiegertsbrunn.png,0
2018-02-27_17-38-16  FranzMaltanStraße 1 83483  Bischofswiesen.png,1
2018-02-27_17-22-51  Gärtnerweg 20 85757  Karlsfeld.png,2
2018-02-27_17-23-52  Zweigstraße 14 85757  Karlsfeld.png,0
2018-02-27_17-33-56  Höhenkirchener Straße 5 85662  Hohenbrunn.png,1
2018-02-27_17-37-58  Hirschwinkelstraße 8 85635  HöhenkirchenSiegertsbrunn.png,0
2018-02-27_17-27-40  Haushamerstraße 19 85737  Ismaning.png,0
2018-02-27_17-23-16  GeorgQueriStraße 10 85757  Karlsfeld.png,1
2018-02-27_17-17-05  Dorfstraße 27 82110  Germering.png,0
2018-02-27_17-24-45  Grasrainweg 13 80939  München.png,0
2018-02-27_17-29-14  Hohenzollernstraße 9 85586  Poing.png,1
2018-02-27_17-18-09  Wettersteinstraße 11 82110  Germering.png,1
2018-02-27_17-26-06  Schmidbartlanger 11 80939  München.png,0
2018-02-27_17-35-02  Brunnengasse 12 85662  Hohenbrunn.png,1
2018-02-27_17-20-33  Schöngeisinger Straße 10 81245  München.png,0
2018-02-27_17-31-42  RosaSchöpfStraße 10 85604  Zorneding.png,0
2018-02-27_17-22-07  Winterstraße 20 85757  Karlsfeld.png,0
2018-02-27_17-20-49  Ostermoosstraße 3 81245  München.png,1
2018-02-27_17-35-43  Riemerlinger Straße 26 85662  Hohenbrunn.png,1
2018-02-27_17-38-36  FranzMaltanStraße 15 83483  Bischofswiesen.png,1
2018-02-27_17-18-19  Wettersteinstraße 18 82110  Germering.png,2
2018-02-27_17-21-11  Ostermoosstraße 20 81245  München.png,0
2018-02-27_17-30-42  Rosenstraße 9 85586  Poing.png,0
2018-02-27_17-22-04  Winterstraße 17 85757  Karlsfeld.png,1
2018-02-27_17-32-21  Am Kapellenberg 27 85604  Zorneding.png,1
2018-02-27_17-36-50  Egmatinger Straße 2 85635  HöhenkirchenSiegertsbrunn.png,0